experiment,alpha,total_guess,total_exp,total_guess_p
10mmol_30C,1.6,7,12,0.5833333333333334
10mmol_30C,1.7,7,12,0.5833333333333334
10mmol_30C,1.8,8,12,0.6666666666666666
10mmol_30C,1.9,8,12,0.6666666666666666
