experiment,alpha,total_guess,total_exp,total_guess_p
10mmol_21C,1.71,10,14,0.7142857142857143
10mmol_21C,1.72,10,14,0.7142857142857143
10mmol_21C,1.73,10,14,0.7142857142857143
10mmol_21C,1.74,10,14,0.7142857142857143
10mmol_21C,1.76,11,14,0.7857142857142857
10mmol_21C,1.77,11,14,0.7857142857142857
10mmol_21C,1.78,11,14,0.7857142857142857
10mmol_21C,1.79,10,14,0.7142857142857143
