experiment,alpha,total_guess,total_exp,total_guess_p
15mmol_20C,0.75,8,14,0.5714285714285714
15mmol_20C,0.9,9,14,0.6428571428571429
15mmol_20C,1.1,9,14,0.6428571428571429
15mmol_20C,1.2,9,14,0.6428571428571429
15mmol_20C,1.3,9,14,0.6428571428571429
15mmol_20C,1.4,10,14,0.7142857142857143
15mmol_20C,1.55,9,14,0.6428571428571429
15mmol_20C,1.65,9,14,0.6428571428571429
15mmol_20C,1.85,10,14,0.7142857142857143
15mmol_20C,2.1,9,14,0.6428571428571429
15mmol_20C,2.2,9,14,0.6428571428571429
