experiment,alpha,total_guess,total_exp,total_guess_p
15mmol_30C,2.45,9,14,0.6428571428571429
15mmol_30C,2.55,10,14,0.7142857142857143
15mmol_30C,2.575,10,14,0.7142857142857143
15mmol_30C,2.625,10,14,0.7142857142857143
15mmol_30C,2.65,10,14,0.7142857142857143
15mmol_30C,2.675,10,14,0.7142857142857143
15mmol_30C,2.725,9,14,0.6428571428571429
15mmol_30C,2.75,8,14,0.5714285714285714
