atol,V_dis_total,Sep. Eff.,Vol_imbalance [%],status
0.001,0.0037411233039285345,0.2931275482753709,0.0,success
0.0001,0.0038049692503582134,1.0370797388934279,0.0,success
1e-05,0.0018639835593729584,0.9993979706784778,0.0,success
1e-06,0.0018639913544523648,0.9993979686162351,0.0,success
1e-07,0.0018639987744281652,0.9993979696000543,0.0,success
1e-08,0.0018639977227443536,0.9993979696676707,0.0,success
1e-09,0.0018639941959693509,0.9993979696740333,0.0,success
