N_D,Sep. Eff.,Vol_imbalance [%],status
10,0.9982711707282043,0.0,success
13,0.9983609365070029,0.0,success
15,0.9986629498509686,0.0,success
17,0.9989171457372705,0.0,success
20,0.9992134318652641,0.0,success
30,0.9993979686162351,0.0,success
50,0.999484533303318,0.0,success
60,0.9995092319509012,0.0,success
