s,V_dis_total,status
2.5,0.0013551785715067188,success
3.5,0.001357393277768227,success
4.0,0.0013557388537389881,success
4.5,0.001353676826866582,success
